{
  "cards": [
    {
      "type": "GRID_SQUARE",
      "title": "Nüsse",
      "description": "$3.99/lb",
      "localImageResource": "tv_bg"
    },
    {
      "type": "GRID_SQUARE",
      "title": "Undefinierbar",
      "description": "$3.99/lb",
      "localImageResource": "tv_bg"
    },
    {
      "type": "GRID_SQUARE",
      "title": "Brocoli",
      "description": "$3.99/lb",
      "localImageResource": "tv_bg"
    },
    {
      "type": "GRID_SQUARE",
      "title": "Salat",
      "description": "$3.99/lb",
      "localImageResource": "tv_bg"
    },
    {
      "type": "GRID_SQUARE",
      "title": "Große Radischen",
      "description": "$3.99/lb",
      "localImageResource": "tv_bg"
    },
    {
      "type": "GRID_SQUARE",
      "title": "Rote Zwiebeln",
      "description": "$3.99/lb",
      "localImageResource": "tv_bg"
    },
    {
      "type": "GRID_SQUARE",
      "title": "Lauch",
      "description": "$3.99/lb",
      "localImageResource": "tv_bg"
    },
    {
      "type": "GRID_SQUARE",
      "title": "Exotisches Zeugs",
      "description": "$3.99/lb",
      "localImageResource": "tv_bg"
    },
    {
      "type": "GRID_SQUARE",
      "title": "Zitronen",
      "description": "$3.99/lb",
      "localImageResource": "tv_bg"
    },
    {
      "type": "GRID_SQUARE",
      "title": "Meerirgendwas",
      "description": "$3.99/lb",
      "localImageResource": "tv_bg"
    },
    {
      "type": "GRID_SQUARE",
      "title": "Irgendein Kohl",
      "description": "$3.99/lb",
      "localImageResource": "tv_bg"
    },
    {
      "type": "GRID_SQUARE",
      "title": "Apfel",
      "description": "$3.99/lb",
      "localImageResource": "tv_bg"
    },
    {
      "type": "GRID_SQUARE",
      "title": "Mehr Äpfel",
      "description": "$3.99/lb",
      "localImageResource": "tv_bg"
    },
    {
      "type": "GRID_SQUARE",
      "title": "Tomaten",
      "description": "$3.99/lb",
      "localImageResource": "tv_bg"
    }
  ]
}